DEG=3	Sample=20
Elements	2	4	8	16	32	64	128	256	512	1024	2048	4096	8192	16384	32768
Insertion	5.09999999999955e-06	3.850000000001422e-06	4.34999999999984e-06	3.499999999998643e-06	7.950000000000319e-06	6.250000000001046e-06	5.3499999999998e-06	5.7000000000001496e-06	7.250000000001699e-06	8.549999999994673e-06	9.049999999993786e-06	9.000000000031205e-06	9.450000000066349e-06	1.1700000000014477e-05	1.044999999941787e-05
Deletion	1.9499999998728866e-06	2.700000000022129e-06	4.250000000016741e-06	3.750000000035669e-06	4.249999999839104e-06	4.449999999955878e-06	5.100000000268778e-06	7.249999999903167e-06	7.3500000001835986e-06	7.499999999893703e-06	8.700000000061437e-06	8.90000000017821e-06	1.4000000000180535e-05	1.6450000000745037e-05	2.0899999999635098e-05
Search	1.4000000001956891e-06	1.499999999587942e-06	1.54999999963934e-06	1.8999999994662176e-06	2.7500000005176163e-06	2.649999998993735e-06	3.500000000400405e-06	4.449999999422971e-06	4.449999999778242e-06	7.449999999842305e-06	7.350000000272417e-06	8.899999999734121e-06	8.850000000393266e-06	1.4249999999904616e-05	1.529999999938525e-05
Inorder	1.2000000022993617e-06	1.4999999994103063e-06	1.5999999991578306e-06	2.649999999704278e-06	4.9499999999369494e-06	9.249999999738634e-06	1.7899999999571037e-05	3.259999999940533e-05	6.534999999949776e-05	0.00012785000000086199	0.00027210000000046366	0.0008156000000006713	0.0013178500000002203	0.0047975499999999725	0.011513600000000323