DEG=4	Sample=20
Elements	2	4	8	16	32	64	128	256	512	1024	2048	4096	8192	16384	32768
Insertion	1.5499999999991216e-06	2.3499999999995747e-06	3.099999999999978e-06	5.3499999999998e-06	4.4499999999999405e-06	4.899999999997962e-06	9.05000000000003e-06	6.4000000000001556e-06	6.250000000000699e-06	7.850000000000912e-06	6.899999999990247e-06	8.599999999997499e-06	9.74999999999726e-06	9.700000000045782e-06	9.549999999958202e-06
Deletion	2.2000000003963294e-06	2.0499999998868646e-06	1.9500000001393403e-06	1.8999999999991246e-06	2.650000000148367e-06	3.200000000092018e-06	6.400000000095218e-06	6.1000000001421025e-06	7.899999999949614e-06	6.700000000137152e-06	8.949999999874337e-06	1.0099999999901854e-05	1.0699999999985722e-05	1.1050000000345506e-05	1.19499999999384e-05
Search	1.3999999998404179e-06	1.4499999998918156e-06	1.3000000002705292e-06	1.4999999997655777e-06	1.9999999993913775e-06	2.600000000185787e-06	3.349999999535669e-06	3.6500000000216914e-06	3.9999999996709334e-06	5.6000000000722135e-06	7.50000000042661e-06	8.150000000028967e-06	8.95000000014079e-06	8.700000000239071e-06	1.1000000000294108e-05
Inorder	1.5999999998683733e-06	1.4500000000694513e-06	1.800000000429236e-06	2.250000000536545e-06	3.599999999792658e-06	7.549999999945101e-06	1.4850000000166119e-05	3.929999999972011e-05	7.225000000055104e-05	0.00011299999999927479	0.00021954999999991288	0.0004581499999998684	0.0008929499999997148	0.0017697999999995774	0.004715000000000913